[{"line":1,"elements":[{"start_timestamp":"2024-01-22T04:40:59.273Z","before":[{"result":{"duration":7470124400,"status":"passed"},"match":{"location":"steps.RegistrationStepDef.setup()"}}],"line":16,"name":"Register user with different data","description":"","id":"test-the-register-functionality;register-user-with-different-data;;2","after":[{"result":{"duration":533450200,"status":"passed"},"match":{"location":"steps.RegistrationStepDef.End()"}}],"type":"scenario","keyword":"Scenario Outline","steps":[{"result":{"duration":5903598200,"status":"passed"},"line":3,"name":"the user is on the home page","match":{"location":"steps.RegistrationStepDef.the_user_is_on_the_home_page()"},"keyword":"Given "},{"result":{"duration":1943033400,"status":"passed"},"line":4,"name":"the user clicks on the register link","match":{"location":"steps.RegistrationStepDef.the_user_clicks_on_the_register_link()"},"keyword":"When "},{"result":{"duration":161039700,"status":"passed"},"line":5,"name":"the user selects gender","match":{"location":"steps.RegistrationStepDef.the_user_selects_gender()"},"keyword":"And "},{"result":{"duration":1508583900,"status":"passed"},"line":6,"name":"the user enters First Name from Excel 0","match":{"arguments":[{"val":"0","offset":38}],"location":"steps.RegistrationStepDef.the_user_enters_first_name_from_excel(java.lang.Integer)"},"keyword":"And "},{"result":{"duration":237947200,"status":"passed"},"line":7,"name":"the user enters Last Name from Excel 0","match":{"arguments":[{"val":"0","offset":37}],"location":"steps.RegistrationStepDef.the_user_enters_last_name_from_excel(java.lang.Integer)"},"keyword":"And "},{"result":{"duration":285961600,"status":"passed"},"line":8,"name":"the user enters email from Excel 0","match":{"arguments":[{"val":"0","offset":33}],"location":"steps.RegistrationStepDef.the_user_enters_email_from_excel(java.lang.Integer)"},"keyword":"And "},{"result":{"duration":256278600,"status":"passed"},"line":9,"name":"the user enters password from Excel 0","match":{"arguments":[{"val":"0","offset":36}],"location":"steps.RegistrationStepDef.the_user_enters_password_from_excel(java.lang.Integer)"},"keyword":"And "},{"result":{"duration":242081100,"status":"passed"},"line":10,"name":"the user enters confirm password from Excel 0","match":{"arguments":[{"val":"0","offset":44}],"location":"steps.RegistrationStepDef.the_user_enters_confirm_password_from_excel(java.lang.Integer)"},"keyword":"And "},{"result":{"duration":3936609500,"status":"passed"},"line":11,"name":"the user clicks on register","match":{"location":"steps.RegistrationStepDef.the_user_clicks_on_register()"},"keyword":"And "},{"result":{"error_message":"org.openqa.selenium.NoSuchElementException: no such element: Unable to locate element: {\"method\":\"xpath\",\"selector\":\"//div[@class='result']\"}\n  (Session info: chrome=120.0.6099.225)\nFor documentation on this error, please visit: https://www.selenium.dev/documentation/webdriver/troubleshooting/errors#no-such-element-exception\nBuild info: version: '4.11.0', revision: '040bc5406b'\nSystem info: os.name: 'Windows 11', os.arch: 'amd64', os.version: '10.0', java.version: '17.0.9'\nDriver info: org.openqa.selenium.chrome.ChromeDriver\nCommand: [e926144efdddc039b38247c4ea3b2ee0, findElement {using=xpath, value=//div[@class='result']}]\nCapabilities {acceptInsecureCerts: false, browserName: chrome, browserVersion: 120.0.6099.225, chrome: {chromedriverVersion: 120.0.6099.109 (3419140ab66..., userDataDir: C:\\Users\\91630\\AppData\\Loca...}, fedcm:accounts: true, goog:chromeOptions: {debuggerAddress: localhost:60029}, networkConnectionEnabled: false, pageLoadStrategy: normal, platformName: windows, proxy: Proxy(), se:cdp: ws://localhost:60029/devtoo..., se:cdpVersion: 120.0.6099.225, setWindowRect: true, strictFileInteractability: false, timeouts: {implicit: 0, pageLoad: 300000, script: 30000}, unhandledPromptBehavior: dismiss and notify, webauthn:extension:credBlob: true, webauthn:extension:largeBlob: true, webauthn:extension:minPinLength: true, webauthn:extension:prf: true, webauthn:virtualAuthenticators: true}\nSession ID: e926144efdddc039b38247c4ea3b2ee0\r\n\tat java.base/jdk.internal.reflect.NativeConstructorAccessorImpl.newInstance0(Native Method)\r\n\tat java.base/jdk.internal.reflect.NativeConstructorAccessorImpl.newInstance(NativeConstructorAccessorImpl.java:77)\r\n\tat java.base/jdk.internal.reflect.DelegatingConstructorAccessorImpl.newInstance(DelegatingConstructorAccessorImpl.java:45)\r\n\tat java.base/java.lang.reflect.Constructor.newInstanceWithCaller(Constructor.java:499)\r\n\tat java.base/java.lang.reflect.Constructor.newInstance(Constructor.java:480)\r\n\tat org.openqa.selenium.remote.codec.w3c.W3CHttpResponseCodec.createException(W3CHttpResponseCodec.java:200)\r\n\tat org.openqa.selenium.remote.codec.w3c.W3CHttpResponseCodec.decode(W3CHttpResponseCodec.java:133)\r\n\tat org.openqa.selenium.remote.codec.w3c.W3CHttpResponseCodec.decode(W3CHttpResponseCodec.java:52)\r\n\tat org.openqa.selenium.remote.HttpCommandExecutor.execute(HttpCommandExecutor.java:191)\r\n\tat org.openqa.selenium.remote.service.DriverCommandExecutor.invokeExecute(DriverCommandExecutor.java:196)\r\n\tat org.openqa.selenium.remote.service.DriverCommandExecutor.execute(DriverCommandExecutor.java:171)\r\n\tat org.openqa.selenium.remote.RemoteWebDriver.execute(RemoteWebDriver.java:518)\r\n\tat org.openqa.selenium.remote.ElementLocation$ElementFinder$2.findElement(ElementLocation.java:165)\r\n\tat org.openqa.selenium.remote.ElementLocation.findElement(ElementLocation.java:59)\r\n\tat org.openqa.selenium.remote.RemoteWebDriver.findElement(RemoteWebDriver.java:355)\r\n\tat org.openqa.selenium.remote.RemoteWebDriver.findElement(RemoteWebDriver.java:349)\r\n\tat steps.RegistrationStepDef.the_registration_should_be_successful_or_not(RegistrationStepDef.java:132)\r\n\tat ✽.the registration should be successful or not(file:///C:/Users/91630/selenium_s2/Registration/src/test/java/Features/Registration.feature:12)\r\n","duration":77739400,"status":"failed"},"line":12,"name":"the registration should be successful or not","match":{"location":"steps.RegistrationStepDef.the_registration_should_be_successful_or_not()"},"keyword":"Then "}]}],"name":"Test the Register functionality","description":"","id":"test-the-register-functionality","keyword":"Feature","uri":"file:src/test/java/Features/Registration.feature","tags":[]}]